account_id,active_tracker_count,assistant_name,assistant_phone,birthdate,can_allow_portal_self_reg,contact_id,contact_name,created_by_id,created_date,currency_iso_code,department,do_not_call,email,external_id,fax,first_name,has_opted_out_of_email,has_opted_out_of_fax,has_privacy_hold,home_phone,is_deleted,is_email_bounced,is_locked,is_person_account,is_priority_record,last_modified_by_id,last_modified_date,last_name,lead_source,mailing_city,mailing_country,mailing_postal_code,mailing_state,mailing_street,may_edit,middle_name,mobile_phone,other_city,other_country,other_phone,other_postal_code,other_state,other_street,owner_id,phone,photo_url,record_type_id,salutation,suffix,system_mod_stamp,title
001Hu00003RhROAIA3,0,Blanca Smuth,8266790752,1976-12-18,false,003Hu0000000001IAA,Robenia Y Punton ,005Hu00000StNsfIAF,2007-09-26,USD,Engineering,false,ypunton1y9w@flavors.me,1,,Robenia,false,false,false,,false,false,false,false,false,005Hu00000StNsfIAF,2025-05-01T11:39:15.257Z,Punton,Cold Call,Saint Louis,US,63131,MO,1 Heath Pass,true,Y,5179167512,Saint Louis,US,6364186648,63131,MO,1 Heath Pass,005Hu00000RhnrSIAR,6364186648,/services/images/photo/003Hu0000000001IAA,012Hu0000023w04IAA,,,2025-05-01T11:39:15.257Z,Pharmacist
001Hu00003RhRNtIAN,0,Michaella Woodeson,4606945292,1991-02-18,false,003Hu0000000002IAA,Mr Stillmann Y Baddeley ,005Hu00000StNsfIAF,2012-11-30,USD,Sales,false,ybaddeleywd6@tinypic.com,2,,Stillmann,false,false,false,,false,false,false,false,false,005Hu00000StNsfIAF,2025-05-01T11:39:15.257Z,Baddeley,Website,Van Nuys,US,91499,CA,1555 Kensington Pass,true,Y,7205400256,Van Nuys,US,2138151260,91499,CA,1555 Kensington Pass,005Hu00000RhnrSIAR,2138151260,/services/images/photo/003Hu0000000002IAA,012Hu0000023w05IAA,Mr,,2025-05-01T11:39:15.257Z,Information Systems Manager
001Hu00003RhROVIA3,0,,,1964-10-30,false,003Hu0000000003IAA,Correy V Checkley ,005Hu00000StNsfIAF,2009-03-11,USD,Research and Development,false,vcheckley1mg6@oaic.gov.au,3,,Correy,false,false,false,,false,false,false,false,false,005Hu00000StNsfIAF,2025-05-01T11:39:15.257Z,Checkley,Social Media,Alexandria,US,22301,VA,32 Tony Road,true,V,6237683804,Alexandria,US,2026968225,22301,VA,32 Tony Road,005Hu00000RhnrSIAR,2026968225,/services/images/photo/003Hu0000000003IAA,012Hu0000023w05IAA,,,2025-05-01T11:39:15.257Z,Senior Financial Analyst
001Hu00003RhROGIA3,0,,,1962-05-31,false,003Hu0000000004IAA,Conny F Mille ,005Hu00000StNsfIAF,2019-12-29,USD,Business Development,false,fmille11x8@tripadvisor.com,4,,Conny,false,false,false,,false,false,false,false,false,005Hu00000StNsfIAF,2025-05-01T11:39:15.257Z,Mille,Data.com,Little Rock,US,72222,AR,6419 Farmco Drive,true,F,6518735966,Little Rock,US,5018737091,72222,AR,6419 Farmco Drive,005Hu00000RhnrSIAR,5018737091,/services/images/photo/003Hu0000000004IAA,012Hu0000023w04IAA,,,2025-05-01T11:39:15.257Z,Dental Hygienist
001Hu00003RhRNgIAN,0,,,1995-08-17,false,003Hu0000000005IAA,Mr Korry T McMonies ,005Hu00000StNsfIAF,2020-04-10,USD,Business Development,false,tmcmonies2vi@economist.com,5,,Korry,false,false,false,,false,false,false,false,false,005Hu00000StNsfIAF,2025-05-01T11:39:15.257Z,McMonies,Website,Richmond,US,23213,VA,68130 Butterfield Alley,true,T,7028472206,Richmond,US,8042873423,23213,VA,68130 Butterfield Alley,005Hu00000RhnrSIAR,8042873423,/services/images/photo/003Hu0000000005IAA,012Hu0000023w04IAA,Mr,,2025-05-01T11:39:15.257Z,Statistician IV
001Hu00003RhRNaIAN,0,,,1982-07-31,false,003Hu0000000006IAA,Jinny C Baxstar ,005Hu00000StNsfIAF,2016-06-02,USD,Product Management,false,cbaxstar1gje@soundcloud.com,6,,Jinny,false,false,false,,false,false,false,false,false,005Hu00000StNsfIAF,2025-05-01T11:39:15.257Z,Baxstar,Marketing Event,Salt Lake City,US,84145,UT,7 Fair Oaks Circle,true,C,2512434715,Salt Lake City,US,8012343626,84145,UT,7 Fair Oaks Circle,005Hu00000RhnrSIAR,8012343626,/services/images/photo/003Hu0000000006IAA,012Hu0000023w04IAA,,,2025-05-01T11:39:15.257Z,Software Consultant
001Hu00003RhRO8IAN,0,Bebe Davley,5917642893,1974-06-26,false,003Hu0000000007IAA,Willie L Glanders II,005Hu00000StNsfIAF,2015-02-04,USD,Support,false,lglanders21du@wikimedia.org,7,,Willie,false,false,false,,false,false,false,false,false,005Hu00000StNsfIAF,2025-05-01T11:39:15.257Z,Glanders,Marketing Event,Springfield,US,1152,MA,344 Dayton Pass,true,L,2026821919,Springfield,US,4132857940,1152,MA,344 Dayton Pass,005Hu00000RhnrSIAR,4132857940,/services/images/photo/003Hu0000000007IAA,012Hu0000023w05IAA,,II,2025-05-01T11:39:15.257Z,GIS Technical Architect
001Hu00003RhRO4IAN,0,,,1982-11-19,false,003Hu0000000008IAA,Cesare R Fitchet ,005Hu00000StNsfIAF,2011-07-21,USD,Accounting,false,rfitchet15oc@nhs.uk,8,,Cesare,false,false,false,,false,false,false,false,false,005Hu00000StNsfIAF,2025-05-01T11:39:15.257Z,Fitchet,Marketing Event,Syracuse,US,13210,NY,2 Charing Cross Place,true,R,3041565752,Syracuse,US,3157504178,13210,NY,2 Charing Cross Place,005Hu00000RhnrSIAR,3157504178,/services/images/photo/003Hu0000000008IAA,012Hu0000023w04IAA,,,2025-05-01T11:39:15.257Z,Staff Scientist
001Hu00003RhRNuIAN,0,Evin Vankin,9197744879,1979-08-16,false,003Hu0000000009IAA,Hailee M McQuilliam ,005Hu00000StNsfIAF,2007-04-05,USD,Accounting,false,mmcquilliam1s72@wiley.com,9,,Hailee,false,false,false,,false,false,false,false,false,005Hu00000StNsfIAF,2025-05-01T11:39:15.257Z,McQuilliam,Data.com,Oakland,US,94622,CA,23 Hermina Lane,true,M,8434730404,Oakland,US,5108331519,94622,CA,23 Hermina Lane,005Hu00000RhnrSIAR,5108331519,/services/images/photo/003Hu0000000009IAA,012Hu0000023w04IAA,,,2025-05-01T11:39:15.257Z,Safety Technician I
001Hu00003RhRO8IAN,0,,,1983-09-09,false,003Hu0000000010IAA,Mrs Rickey E Mac Giany ,005Hu00000StNsfIAF,2015-02-22,USD,Human Resources,false,emacgiany1svy@merriam-webster.com,10,,Rickey,false,false,false,,false,false,false,false,false,005Hu00000StNsfIAF,2025-05-01T11:39:15.257Z,Mac Giany,Social Media,Scranton,US,18514,PA,0 Meadow Valley Point,true,E,8433051842,Scranton,US,5708715184,18514,PA,0 Meadow Valley Point,005Hu00000RhnrSIAR,5708715184,/services/images/photo/003Hu0000000010IAA,012Hu0000023w04IAA,Mrs,,2025-05-01T11:39:15.257Z,Structural Engineer
001Hu00003RhRNaIAN,0,,,1997-08-30,false,003Hu0000000011IAA,Lillis S Harriss ,005Hu00000StNsfIAF,2007-03-10,USD,Product Management,false,sharrisspq7@studiopress.com,11,,Lillis,false,false,false,,false,false,false,false,false,005Hu00000StNsfIAF,2025-05-01T11:39:15.257Z,Harriss,Social Media,Miami,US,33196,FL,908 Center Way,true,S,7634711670,Miami,US,3052038760,33196,FL,908 Center Way,005Hu00000RhnrSIAR,3052038760,/services/images/photo/003Hu0000000011IAA,012Hu0000023w04IAA,,,2025-05-01T11:39:15.257Z,Assistant Media Planner
001Hu00003RhROCIA3,0,,,1995-12-04,false,003Hu0000000012IAA,Janine J McKain ,005Hu00000StNsfIAF,2011-02-05,USD,Marketing,false,jmckain1zir@usnews.com,12,,Janine,false,false,false,,false,false,false,false,false,005Hu00000StNsfIAF,2025-05-01T11:39:15.257Z,McKain,Marketing Event,Lancaster,US,17622,PA,2 Hagan Center,true,J,9042847972,Lancaster,US,7175757828,17622,PA,2 Hagan Center,005Hu00000RhnrSIAR,7175757828,/services/images/photo/003Hu0000000012IAA,012Hu0000023w05IAA,,,2025-05-01T11:39:15.257Z,Environmental Tech
001Hu00003RhROKIA3,0,,,1967-03-29,false,003Hu0000000013IAA,Kerk D Burgum ,005Hu00000StNsfIAF,2005-04-30,USD,Accounting,false,dburgum12cd@oracle.com,13,,Kerk,false,false,false,,false,false,false,false,false,005Hu00000StNsfIAF,2025-05-01T11:39:15.257Z,Burgum,Social Media,Newport News,US,23612,VA,22 Lillian Junction,true,D,3031681729,Newport News,US,7579773289,23612,VA,22 Lillian Junction,005Hu00000RhnrSIAR,7579773289,/services/images/photo/003Hu0000000013IAA,012Hu0000023w04IAA,,,2025-05-01T11:39:15.257Z,Graphic Designer
001Hu00003RhRNoIAN,0,,,1953-01-08,false,003Hu0000000014IAA,Ms Bette S Braybrookes ,005Hu00000StNsfIAF,2006-07-11,USD,Legal,false,sbraybrookes1olc@etsy.com,14,,Bette,false,false,false,,false,false,false,false,false,005Hu00000StNsfIAF,2025-05-01T11:39:15.257Z,Braybrookes,,Orlando,US,32819,FL,01694 Westridge Pass,true,S,5129337763,Orlando,US,9419146243,32819,FL,01694 Westridge Pass,005Hu00000RhnrSIAR,9419146243,/services/images/photo/003Hu0000000014IAA,012Hu0000023w04IAA,Ms,,2025-05-01T11:39:15.257Z,Civil Engineer
001Hu00003RhROBIA3,0,,,1993-04-19,false,003Hu0000000015IAA,Mr Jaye T Hruska ,005Hu00000StNsfIAF,2008-01-27,USD,Services,false,thruska1lac@mediafire.com,15,,Jaye,false,false,false,,false,false,false,false,false,005Hu00000StNsfIAF,2025-05-01T11:39:15.257Z,Hruska,Data.com,Paterson,US,7522,NJ,7131 Sugar Crossing,true,T,9181784727,Paterson,US,9738831485,7522,NJ,7131 Sugar Crossing,005Hu00000RhnrSIAR,9738831485,/services/images/photo/003Hu0000000015IAA,012Hu0000023w05IAA,Mr,,2025-05-01T11:39:15.257Z,Senior Quality Engineer
001Hu00003RhRNVIA3,0,,,1998-03-17,false,003Hu0000000016IAA,Ruperto N Boullin ,005Hu00000StNsfIAF,2012-11-01,USD,Research and Development,false,nboullinq09@gnu.org,16,,Ruperto,false,false,false,,false,false,false,false,false,005Hu00000StNsfIAF,2025-05-01T11:39:15.257Z,Boullin,Social Media,Toledo,US,43699,OH,3072 Lerdahl Road,true,N,6154325784,Toledo,US,4198905821,43699,OH,3072 Lerdahl Road,005Hu00000RhnrSIAR,4198905821,/services/images/photo/003Hu0000000016IAA,012Hu0000023w04IAA,,,2025-05-01T11:39:15.257Z,Administrative Officer
001Hu00003RhROQIA3,0,,,1989-01-13,false,003Hu0000000017IAA,Whitman O Wellstead ,005Hu00000StNsfIAF,2009-06-18,USD,Services,false,owellstead21v8@ehow.com,17,,Whitman,false,false,false,,false,false,false,false,false,005Hu00000StNsfIAF,2025-05-01T11:39:15.257Z,Wellstead,Data.com,Beaverton,US,97075,OR,725 Maple Street,true,O,9411297274,Beaverton,US,5031318229,97075,OR,725 Maple Street,005Hu00000RhnrSIAR,5031318229,/services/images/photo/003Hu0000000017IAA,012Hu0000023w05IAA,,,2025-05-01T11:39:15.257Z,Assistant Manager
001Hu00003RhROFIA3,0,,,1953-11-17,false,003Hu0000000018IAA,Corey J Rulton ,005Hu00000StNsfIAF,2007-10-09,USD,Services,false,jrultontqg@jigsy.com,18,,Corey,false,false,false,,false,false,false,false,false,005Hu00000StNsfIAF,2025-05-01T11:39:15.257Z,Rulton,Social Media,Rochester,US,14639,NY,9 Laurel Parkway,true,J,8047912066,Rochester,US,5858999244,14639,NY,9 Laurel Parkway,005Hu00000RhnrSIAR,5858999244,/services/images/photo/003Hu0000000018IAA,012Hu0000023w04IAA,,,2025-05-01T11:39:15.257Z,Senior Editor
001Hu00003RhRNOIA3,0,,,1977-06-21,false,003Hu0000000019IAA,Nannette N Scholtz ,005Hu00000StNsfIAF,2017-10-21,USD,Accounting,false,nscholtz1xss@vkontakte.ru,19,,Nannette,false,false,false,,false,false,false,false,false,005Hu00000StNsfIAF,2025-05-01T11:39:15.257Z,Scholtz,Data.com,Tuscaloosa,US,35405,AL,74156 Ludington Avenue,true,N,4234531135,Tuscaloosa,US,2051095914,35405,AL,74156 Ludington Avenue,005Hu00000RhnrSIAR,2051095914,/services/images/photo/003Hu0000000019IAA,012Hu0000023w05IAA,,,2025-05-01T11:39:15.257Z,Analyst Programmer
001Hu00003RhRO3IAN,0,,,1990-09-19,false,003Hu0000000020IAA,Hogan F Raynor ,005Hu00000StNsfIAF,2013-11-19,USD,Legal,false,fraynor1ge3@timesonline.co.uk,20,,Hogan,false,false,false,,false,false,false,false,false,005Hu00000StNsfIAF,2025-05-01T11:39:15.257Z,Raynor,Cold Call,Delray Beach,US,33448,FL,536 Mesta Terrace,true,F,2028976377,Delray Beach,US,5613307115,33448,FL,536 Mesta Terrace,005Hu00000RhnrSIAR,5613307115,/services/images/photo/003Hu0000000020IAA,012Hu0000023w04IAA,,,2025-05-01T11:39:15.257Z,Recruiting Manager
001Hu00003RhROIIA3,0,,,1987-12-28,false,003Hu0000000021IAA,Mr Nettle E Poor ,005Hu00000StNsfIAF,2013-06-18,USD,Engineering,false,epoort5j@answers.com,21,,Nettle,false,false,false,,false,false,false,false,false,005Hu00000StNsfIAF,2025-05-01T11:39:15.257Z,Poor,Social Media,Long Beach,US,90805,CA,55781 Duke Trail,true,E,2026008382,Long Beach,US,3103889853,90805,CA,55781 Duke Trail,005Hu00000RhnrSIAR,3103889853,/services/images/photo/003Hu0000000021IAA,012Hu0000023w05IAA,Mr,,2025-05-01T11:39:15.257Z,Librarian
001Hu00003RhRNzIAN,0,,,1959-04-07,false,003Hu0000000022IAA,Ms Sal C Pryce ,005Hu00000StNsfIAF,2017-06-23,USD,Support,false,cpryceh8u@oaic.gov.au,22,,Sal,false,false,false,,false,false,false,false,false,005Hu00000StNsfIAF,2025-05-01T11:39:15.257Z,Pryce,Cold Call,Shawnee Mission,US,66215,KS,74812 Fordem Road,true,C,3375359698,Shawnee Mission,US,9135613600,66215,KS,74812 Fordem Road,005Hu00000RhnrSIAR,9135613600,/services/images/photo/003Hu0000000022IAA,012Hu0000023w04IAA,Ms,,2025-05-01T11:39:15.257Z,Tax Accountant
001Hu00003RhRNpIAN,0,,,1974-04-01,false,003Hu0000000023IAA,Ms Salem T Learned ,005Hu00000StNsfIAF,2016-08-13,USD,Sales,false,tlearnedt4t@eepurl.com,23,,Salem,false,false,false,,false,false,false,false,false,005Hu00000StNsfIAF,2025-05-01T11:39:15.257Z,Learned,Referral,Frederick,US,21705,MD,88510 Main Drive,true,T,7196629579,Frederick,US,2405714352,21705,MD,88510 Main Drive,005Hu00000RhnrSIAR,2405714352,/services/images/photo/003Hu0000000023IAA,012Hu0000023w04IAA,Ms,,2025-05-01T11:39:15.257Z,Sales Representative
001Hu00003RhRO8IAN,0,Dehlia McAvaddy,7618187267,2001-05-09,false,003Hu0000000024IAA,Mrs Etienne E Tolomei Jr,005Hu00000StNsfIAF,2010-03-28,USD,Accounting,false,etolomei1a2t@bluehost.com,24,,Etienne,false,false,false,,false,false,false,false,false,005Hu00000StNsfIAF,2025-05-01T11:39:15.257Z,Tolomei,Data.com,Charlotte,US,28215,NC,82386 Orin Hill,true,E,9197121818,Charlotte,US,7046593376,28215,NC,82386 Orin Hill,005Hu00000RhnrSIAR,7046593376,/services/images/photo/003Hu0000000024IAA,012Hu0000023w04IAA,Mrs,Jr,2025-05-01T11:39:15.257Z,Account Representative III
001Hu00003RhRNLIA3,0,,,2004-10-21,false,003Hu0000000025IAA,Ms Melly A Bidgod ,005Hu00000StNsfIAF,2020-12-14,USD,Support,false,abidgod1v04@google.com.br,25,,Melly,false,false,false,,false,false,false,false,false,005Hu00000StNsfIAF,2025-05-01T11:39:15.257Z,Bidgod,Website,Maple Plain,US,55572,MN,41 Graceland Road,true,A,4141283128,Maple Plain,US,7635997519,55572,MN,41 Graceland Road,005Hu00000RhnrSIAR,7635997519,/services/images/photo/003Hu0000000025IAA,012Hu0000023w04IAA,Ms,,2025-05-01T11:39:15.257Z,Structural Analysis Engineer
001Hu00003RhROPIA3,0,,,1964-11-07,false,003Hu0000000026IAA,Diandra L Bertin ,005Hu00000StNsfIAF,2017-01-30,USD,Product Management,false,lbertin17dm@istockphoto.com,26,,Diandra,false,false,false,,false,false,false,false,false,005Hu00000StNsfIAF,2025-05-01T11:39:15.257Z,Bertin,,Erie,US,16534,PA,9 Shasta Circle,true,L,7171154651,Erie,US,8144908730,16534,PA,9 Shasta Circle,005Hu00000RhnrSIAR,8144908730,/services/images/photo/003Hu0000000026IAA,012Hu0000023w05IAA,,,2025-05-01T11:39:15.257Z,Data Coordiator
001Hu00003RhRNaIAN,0,,,1957-07-26,false,003Hu0000000027IAA,Ms Adiana U Iamittii ,005Hu00000StNsfIAF,2020-03-02,USD,Engineering,false,uiamittii1nvt@csmonitor.com,27,,Adiana,false,false,false,,false,false,false,false,false,005Hu00000StNsfIAF,2025-05-01T11:39:15.257Z,Iamittii,Social Media,Rochester,US,14604,NY,15 Messerschmidt Trail,true,U,9154833249,Rochester,US,5854094267,14604,NY,15 Messerschmidt Trail,005Hu00000RhnrSIAR,5854094267,/services/images/photo/003Hu0000000027IAA,012Hu0000023w04IAA,Ms,,2025-05-01T11:39:15.257Z,Programmer Analyst II
001Hu00003RhRNrIAN,0,,,2001-03-12,false,003Hu0000000028IAA,Gabbey K Southwood ,005Hu00000StNsfIAF,2014-11-14,USD,Accounting,false,ksouthwood1pez@businessinsider.com,28,,Gabbey,false,false,false,,false,false,false,false,false,005Hu00000StNsfIAF,2025-05-01T11:39:15.257Z,Southwood,Social Media,Washington,US,20073,DC,246 Magdeline Hill,true,K,5716064018,Washington,US,2025976388,20073,DC,246 Magdeline Hill,005Hu00000RhnrSIAR,2025976388,/services/images/photo/003Hu0000000028IAA,012Hu0000023w05IAA,,,2025-05-01T11:39:15.257Z,Occupational Therapist
001Hu00003RhROXIA3,0,,,1997-05-30,false,003Hu0000000029IAA,Raviv R Luker ,005Hu00000StNsfIAF,2018-07-20,USD,Legal,false,rlukerry2@springer.com,29,,Raviv,false,false,false,,false,false,false,false,false,005Hu00000StNsfIAF,2025-05-01T11:39:15.257Z,Luker,Social Media,Los Angeles,US,90025,CA,66 Arizona Court,true,R,5302660420,Los Angeles,US,3234128950,90025,CA,66 Arizona Court,005Hu00000RhnrSIAR,3234128950,/services/images/photo/003Hu0000000029IAA,012Hu0000023w05IAA,,,2025-05-01T11:39:15.257Z,Help Desk Operator
001Hu00003RhRNuIAN,0,,,1987-02-15,false,003Hu0000000030IAA,Mrs Lia D Klink ,005Hu00000StNsfIAF,2022-02-18,USD,Support,false,dklink63s@loc.gov,30,,Lia,false,false,false,,false,false,false,false,false,005Hu00000StNsfIAF,2025-05-01T11:39:15.257Z,Klink,Data.com,Farmington,US,48335,MI,6 Katie Parkway,true,D,8179148212,Farmington,US,2483323021,48335,MI,6 Katie Parkway,005Hu00000RhnrSIAR,2483323021,/services/images/photo/003Hu0000000030IAA,012Hu0000023w05IAA,Mrs,,2025-05-01T11:39:15.257Z,Software Test Engineer III
001Hu00003RhROHIA3,0,,,1957-02-15,false,003Hu0000000031IAA,Ms Carrie N Highway ,005Hu00000StNsfIAF,2006-10-22,USD,Training,false,nhighway18q4@biblegateway.com,31,,Carrie,false,false,false,,false,false,false,false,false,005Hu00000StNsfIAF,2025-05-01T11:39:15.257Z,Highway,Social Media,Glendale,US,85305,AZ,46 Heath Pass,true,N,3122835681,Glendale,US,6024913242,85305,AZ,46 Heath Pass,005Hu00000RhnrSIAR,6024913242,/services/images/photo/003Hu0000000031IAA,012Hu0000023w04IAA,Ms,,2025-05-01T11:39:15.257Z,Cost Accountant
001Hu00003RhROKIA3,0,,,1996-06-23,false,003Hu0000000032IAA,Toddy G Winterton ,005Hu00000StNsfIAF,2019-10-09,USD,Sales,false,gwinterton1mxu@google.es,32,,Toddy,false,false,false,,false,false,false,false,false,005Hu00000StNsfIAF,2025-05-01T11:39:15.257Z,Winterton,,San Antonio,US,78278,TX,259 Blaine Trail,true,G,6171865130,San Antonio,US,2108512174,78278,TX,259 Blaine Trail,005Hu00000RhnrSIAR,2108512174,/services/images/photo/003Hu0000000032IAA,012Hu0000023w05IAA,,,2025-05-01T11:39:15.257Z,Structural Engineer
001Hu00003RhRNWIA3,0,,,1967-02-02,false,003Hu0000000033IAA,Ms Harrie M Hinder ,005Hu00000StNsfIAF,2017-09-02,USD,Engineering,false,mhinder237s@tripod.com,33,,Harrie,false,false,false,,false,false,false,false,false,005Hu00000StNsfIAF,2025-05-01T11:39:15.257Z,Hinder,Referral,Rochester,US,14683,NY,5 Express Point,true,M,2125778790,Rochester,US,5853186508,14683,NY,5 Express Point,005Hu00000RhnrSIAR,5853186508,/services/images/photo/003Hu0000000033IAA,012Hu0000023w05IAA,Ms,,2025-05-01T11:39:15.257Z,Environmental Tech
001Hu00003RhRObIAN,0,,,1985-07-28,false,003Hu0000000034IAA,Marquita D Dorrington ,005Hu00000StNsfIAF,2016-04-04,USD,Product Management,false,ddorringtoneyk@google.de,34,,Marquita,false,false,false,,false,false,false,false,false,005Hu00000StNsfIAF,2025-05-01T11:39:15.257Z,Dorrington,Referral,Worcester,US,1610,MA,982 Roth Terrace,true,D,8068889713,Worcester,US,7742484161,1610,MA,982 Roth Terrace,005Hu00000RhnrSIAR,7742484161,/services/images/photo/003Hu0000000034IAA,012Hu0000023w05IAA,,,2025-05-01T11:39:15.257Z,Compensation Analyst
001Hu00003RhRNkIAN,0,,,1985-09-22,false,003Hu0000000035IAA,Mrs Danella E Feye ,005Hu00000StNsfIAF,2003-02-06,USD,Training,false,efeyedlq@w3.org,35,,Danella,false,false,false,,false,false,false,false,false,005Hu00000StNsfIAF,2025-05-01T11:39:15.257Z,Feye,Marketing Event,Texarkana,US,75507,TX,34406 Esker Park,true,E,6144066190,Texarkana,US,9039155956,75507,TX,34406 Esker Park,005Hu00000RhnrSIAR,9039155956,/services/images/photo/003Hu0000000035IAA,012Hu0000023w05IAA,Mrs,,2025-05-01T11:39:15.257Z,Internal Auditor
001Hu00003RhROLIA3,0,,,1985-10-04,false,003Hu0000000036IAA,Hansiain H Di Nisco ,005Hu00000StNsfIAF,2011-05-26,USD,Training,false,hdinisco2vq@jimdo.com,36,,Hansiain,false,false,false,,false,false,false,false,false,005Hu00000StNsfIAF,2025-05-01T11:39:15.257Z,Di Nisco,Referral,Washington,US,20546,DC,15 Schurz Way,true,H,2152607054,Washington,US,2028310010,20546,DC,15 Schurz Way,005Hu00000RhnrSIAR,2028310010,/services/images/photo/003Hu0000000036IAA,012Hu0000023w04IAA,,,2025-05-01T11:39:15.257Z,Chief Design Engineer
001Hu00003RhRNnIAN,0,,,1959-04-13,false,003Hu0000000037IAA,Bruce D Fulleylove ,005Hu00000StNsfIAF,2019-05-15,USD,Training,false,dfulleylove934@howstuffworks.com,37,,Bruce,false,false,false,,false,false,false,false,false,005Hu00000StNsfIAF,2025-05-01T11:39:15.257Z,Fulleylove,Data.com,Flushing,US,11388,NY,97740 Schurz Trail,true,D,8509428883,Flushing,US,7182782978,11388,NY,97740 Schurz Trail,005Hu00000RhnrSIAR,7182782978,/services/images/photo/003Hu0000000037IAA,012Hu0000023w04IAA,,,2025-05-01T11:39:15.257Z,Staff Scientist
001Hu00003RhROBIA3,0,Sib Zealy,6443662657,1992-10-03,false,003Hu0000000038IAA,Prudy E Scotchbrook ,005Hu00000StNsfIAF,2005-01-13,USD,Engineering,false,escotchbrook1ygx@seesaa.net,38,,Prudy,false,false,false,,false,false,false,false,false,005Hu00000StNsfIAF,2025-05-01T11:39:15.257Z,Scotchbrook,Website,Denver,US,80223,CO,767 Memorial Circle,true,E,2109843389,Denver,US,7205718397,80223,CO,767 Memorial Circle,005Hu00000RhnrSIAR,7205718397,/services/images/photo/003Hu0000000038IAA,012Hu0000023w05IAA,,,2025-05-01T11:39:15.257Z,Financial Analyst
001Hu00003RhRNTIA3,0,,,1994-08-15,false,003Hu0000000039IAA,Nan M Iacopo ,005Hu00000StNsfIAF,2003-04-20,USD,Marketing,false,miacopo86h@baidu.com,39,,Nan,false,false,false,,false,false,false,false,false,005Hu00000StNsfIAF,2025-05-01T11:39:15.257Z,Iacopo,,San Jose,US,95123,CA,7859 Knutson Pass,true,M,5158666947,San Jose,US,4082623984,95123,CA,7859 Knutson Pass,005Hu00000RhnrSIAR,4082623984,/services/images/photo/003Hu0000000039IAA,012Hu0000023w04IAA,,,2025-05-01T11:39:15.257Z,Assistant Professor
001Hu00003RhRNuIAN,0,,,1963-01-07,false,003Hu0000000040IAA,Ms Mark M Custed ,005Hu00000StNsfIAF,2003-07-20,USD,Engineering,false,mcustedkb4@google.fr,40,,Mark,false,false,false,,false,false,false,false,false,005Hu00000StNsfIAF,2025-05-01T11:39:15.257Z,Custed,Social Media,Harrisburg,US,17121,PA,41 Dapin Parkway,true,M,4345557687,Harrisburg,US,7179226762,17121,PA,41 Dapin Parkway,005Hu00000RhnrSIAR,7179226762,/services/images/photo/003Hu0000000040IAA,012Hu0000023w04IAA,Ms,,2025-05-01T11:39:15.257Z,Information Systems Manager
001Hu00003RhRNjIAN,0,,,1995-11-02,false,003Hu0000000041IAA,Ruperto F Bowlas ,005Hu00000StNsfIAF,2004-11-29,USD,Support,false,fbowlas1jb2@soup.io,41,,Ruperto,false,false,false,,false,false,false,false,false,005Hu00000StNsfIAF,2025-05-01T11:39:15.257Z,Bowlas,,Brooklyn,US,11247,NY,07 Havey Alley,true,F,6263383113,Brooklyn,US,2127646305,11247,NY,07 Havey Alley,005Hu00000RhnrSIAR,2127646305,/services/images/photo/003Hu0000000041IAA,012Hu0000023w05IAA,,,2025-05-01T11:39:15.257Z,Quality Control Specialist
001Hu00003RhRNOIA3,0,,,1963-09-25,false,003Hu0000000042IAA,Mrs Silas J Marczyk ,005Hu00000StNsfIAF,2021-05-19,USD,Engineering,false,jmarczyk1y49@netscape.com,42,,Silas,false,false,false,,false,false,false,false,false,005Hu00000StNsfIAF,2025-05-01T11:39:15.257Z,Marczyk,,Boston,US,2283,MA,41 Vermont Drive,true,J,2677031540,Boston,US,7818920201,2283,MA,41 Vermont Drive,005Hu00000RhnrSIAR,7818920201,/services/images/photo/003Hu0000000042IAA,012Hu0000023w04IAA,Mrs,,2025-05-01T11:39:15.257Z,Accountant III
001Hu00003RhRNoIAN,0,,,1999-08-08,false,003Hu0000000043IAA,Mr Andie S McCluney ,005Hu00000StNsfIAF,2016-02-20,USD,Marketing,false,smccluney1gp8@unc.edu,43,,Andie,false,false,false,,false,false,false,false,false,005Hu00000StNsfIAF,2025-05-01T11:39:15.257Z,McCluney,Referral,Jacksonville,US,32220,FL,72 Carberry Drive,true,S,6021543981,Jacksonville,US,9047477317,32220,FL,72 Carberry Drive,005Hu00000RhnrSIAR,9047477317,/services/images/photo/003Hu0000000043IAA,012Hu0000023w04IAA,Mr,,2025-05-01T11:39:15.257Z,Automation Specialist III
001Hu00003RhRNtIAN,0,,,1967-05-10,false,003Hu0000000044IAA,Ms Tymothy R McKeighan ,005Hu00000StNsfIAF,2014-05-06,USD,Business Development,false,rmckeighan21fg@livejournal.com,44,,Tymothy,false,false,false,,false,false,false,false,false,005Hu00000StNsfIAF,2025-05-01T11:39:15.257Z,McKeighan,Referral,Dallas,US,75353,TX,19 Manley Center,true,R,9152677384,Dallas,US,2141038887,75353,TX,19 Manley Center,005Hu00000RhnrSIAR,2141038887,/services/images/photo/003Hu0000000044IAA,012Hu0000023w05IAA,Ms,,2025-05-01T11:39:15.257Z,VP Sales
001Hu00003RhRO4IAN,0,Windy Bedham,9745774731,1972-01-01,false,003Hu0000000045IAA,Mr Minette M McClaurie ,005Hu00000StNsfIAF,2017-07-05,USD,Research and Development,false,mmcclaurie1685@odnoklassniki.ru,45,,Minette,false,false,false,,false,false,false,false,false,005Hu00000StNsfIAF,2025-05-01T11:39:15.257Z,McClaurie,Social Media,Monticello,US,55565,MN,740 Kensington Avenue,true,M,9499384685,Monticello,US,7636468199,55565,MN,740 Kensington Avenue,005Hu00000RhnrSIAR,7636468199,/services/images/photo/003Hu0000000045IAA,012Hu0000023w04IAA,Mr,,2025-05-01T11:39:15.257Z,Cost Accountant
001Hu00003RhRNsIAN,0,,,1956-10-26,false,003Hu0000000046IAA,Vinnie C Francois ,005Hu00000StNsfIAF,2004-01-30,USD,Product Management,false,cfrancois202t@chronoengine.com,46,,Vinnie,false,false,false,,false,false,false,false,false,005Hu00000StNsfIAF,2025-05-01T11:39:15.257Z,Francois,Cold Call,Miami,US,33283,FL,30 Victoria Parkway,true,C,8082147318,Miami,US,3059085615,33283,FL,30 Victoria Parkway,005Hu00000RhnrSIAR,3059085615,/services/images/photo/003Hu0000000046IAA,012Hu0000023w05IAA,,,2025-05-01T11:39:15.257Z,Environmental Specialist
001Hu00003RhRO0IAN,0,,,1980-08-02,false,003Hu0000000047IAA,Jerrine C Artist ,005Hu00000StNsfIAF,2014-08-10,USD,Engineering,false,cartist1fug@purevolume.com,47,,Jerrine,false,false,false,,false,false,false,false,false,005Hu00000StNsfIAF,2025-05-01T11:39:15.257Z,Artist,Referral,Watertown,US,2472,MA,6402 Ridgeview Junction,true,C,5123980287,Watertown,US,7819714621,2472,MA,6402 Ridgeview Junction,005Hu00000RhnrSIAR,7819714621,/services/images/photo/003Hu0000000047IAA,012Hu0000023w04IAA,,,2025-05-01T11:39:15.257Z,Budget/Accounting Analyst III
001Hu00003RhRO5IAN,0,,,1978-03-03,false,003Hu0000000048IAA,Myrta T Sliney ,005Hu00000StNsfIAF,2004-01-21,USD,Research and Development,false,tsliney2y3@sogou.com,48,,Myrta,false,false,false,,false,false,false,false,false,005Hu00000StNsfIAF,2025-05-01T11:39:15.257Z,Sliney,Marketing Event,Rockford,US,61110,IL,1537 Toban Street,true,T,6165476482,Rockford,US,8157610174,61110,IL,1537 Toban Street,005Hu00000RhnrSIAR,8157610174,/services/images/photo/003Hu0000000048IAA,012Hu0000023w05IAA,,,2025-05-01T11:39:15.257Z,Professor
001Hu00003RhRNpIAN,0,,,1980-09-27,false,003Hu0000000049IAA,Ms Crissy T Miroy ,005Hu00000StNsfIAF,2006-09-15,USD,Sales,false,tmiroysjx@nymag.com,49,,Crissy,false,false,false,,false,false,false,false,false,005Hu00000StNsfIAF,2025-05-01T11:39:15.257Z,Miroy,,Oklahoma City,US,73173,OK,94 Northland Point,true,T,4041703337,Oklahoma City,US,4052695826,73173,OK,94 Northland Point,005Hu00000RhnrSIAR,4052695826,/services/images/photo/003Hu0000000049IAA,012Hu0000023w05IAA,Ms,,2025-05-01T11:39:15.257Z,Office Assistant III
001Hu00003RhRO2IAN,0,,,1969-09-07,false,003Hu0000000050IAA,Dale R Beevor ,005Hu00000StNsfIAF,2019-05-26,USD,Legal,false,rbeevorxyw@google.com.br,50,,Dale,false,false,false,,false,false,false,false,false,005Hu00000StNsfIAF,2025-05-01T11:39:15.257Z,Beevor,Referral,Spring,US,77388,TX,875 Golf Road,true,R,3137834712,Spring,US,7139537444,77388,TX,875 Golf Road,005Hu00000RhnrSIAR,7139537444,/services/images/photo/003Hu0000000050IAA,012Hu0000023w04IAA,,,2025-05-01T11:39:15.257Z,Accounting Assistant I
001Hu00003RhRNgIAN,0,Salomon Wilcinskis,5324921426,1999-07-04,false,003Hu0000000051IAA,Benedikta T Redhills ,005Hu00000StNsfIAF,2011-10-07,USD,Support,false,tredhills1ucx@washington.edu,51,,Benedikta,false,false,false,,false,false,false,false,false,005Hu00000StNsfIAF,2025-05-01T11:39:15.257Z,Redhills,Social Media,Concord,US,94522,CA,99 Carioca Center,true,T,5024827424,Concord,US,9252713172,94522,CA,99 Carioca Center,005Hu00000RhnrSIAR,9252713172,/services/images/photo/003Hu0000000051IAA,012Hu0000023w05IAA,,,2025-05-01T11:39:15.257Z,Graphic Designer
001Hu00003RhRNXIA3,0,Melisenda Gimert,8786359282,1997-01-17,false,003Hu0000000052IAA,Ms Hansiain K Gooms ,005Hu00000StNsfIAF,2006-03-28,USD,Product Management,false,kgooms1gyd@vk.com,52,,Hansiain,false,false,false,,false,false,false,false,false,005Hu00000StNsfIAF,2025-05-01T11:39:15.257Z,Gooms,Referral,Trenton,US,8638,NJ,83 Dottie Plaza,true,K,8058398773,Trenton,US,6094951022,8638,NJ,83 Dottie Plaza,005Hu00000RhnrSIAR,6094951022,/services/images/photo/003Hu0000000052IAA,012Hu0000023w04IAA,Ms,,2025-05-01T11:39:15.257Z,Cost Accountant
001Hu00003RhRNaIAN,0,,,1962-08-25,false,003Hu0000000053IAA,Kale I Maceur ,005Hu00000StNsfIAF,2015-01-16,USD,Product Management,false,imaceur1j5q@pinterest.com,53,,Kale,false,false,false,,false,false,false,false,false,005Hu00000StNsfIAF,2025-05-01T11:39:15.257Z,Maceur,Social Media,San Antonio,US,78220,TX,3 Parkside Hill,true,I,9131097945,San Antonio,US,2104131466,78220,TX,3 Parkside Hill,005Hu00000RhnrSIAR,2104131466,/services/images/photo/003Hu0000000053IAA,012Hu0000023w04IAA,,,2025-05-01T11:39:15.257Z,Graphic Designer
001Hu00003RhROKIA3,0,,,2002-05-06,false,003Hu0000000054IAA,Cord M Hugenin ,005Hu00000StNsfIAF,2008-07-16,USD,Sales,false,mhugenin1x5k@bing.com,54,,Cord,false,false,false,,false,false,false,false,false,005Hu00000StNsfIAF,2025-05-01T11:39:15.257Z,Hugenin,Website,Saint Louis,US,63136,MO,6 Dapin Parkway,true,M,7024718866,Saint Louis,US,3141219627,63136,MO,6 Dapin Parkway,005Hu00000RhnrSIAR,3141219627,/services/images/photo/003Hu0000000054IAA,012Hu0000023w05IAA,,,2025-05-01T11:39:15.257Z,Recruiter
001Hu00003RhROKIA3,0,,,1967-01-08,false,003Hu0000000055IAA,Ramonda A Fillgate ,005Hu00000StNsfIAF,2009-11-20,USD,Training,false,afillgate1a2z@plala.or.jp,55,,Ramonda,false,false,false,,false,false,false,false,false,005Hu00000StNsfIAF,2025-05-01T11:39:15.257Z,Fillgate,Marketing Event,South Bend,US,46634,IN,3 Anniversary Lane,true,A,2517024768,South Bend,US,5749266534,46634,IN,3 Anniversary Lane,005Hu00000RhnrSIAR,5749266534,/services/images/photo/003Hu0000000055IAA,012Hu0000023w04IAA,,,2025-05-01T11:39:15.257Z,Media Manager I
001Hu00003RhROVIA3,0,,,1953-06-08,false,003Hu0000000056IAA,Mrs Seamus H Deamer ,005Hu00000StNsfIAF,2009-03-28,USD,Sales,false,hdeamer8no@businessinsider.com,56,,Seamus,false,false,false,,false,false,false,false,false,005Hu00000StNsfIAF,2025-05-01T11:39:15.257Z,Deamer,Cold Call,Houston,US,77010,TX,34104 Cottonwood Terrace,true,H,3479825420,Houston,US,7136319067,77010,TX,34104 Cottonwood Terrace,005Hu00000RhnrSIAR,7136319067,/services/images/photo/003Hu0000000056IAA,012Hu0000023w05IAA,Mrs,,2025-05-01T11:39:15.257Z,Recruiting Manager
001Hu00003RhRNcIAN,0,,,1965-12-14,false,003Hu0000000057IAA,Buiron A Moulsdale ,005Hu00000StNsfIAF,2009-10-07,USD,Services,false,amoulsdale2ip@npr.org,57,,Buiron,false,false,false,,false,false,false,false,false,005Hu00000StNsfIAF,2025-05-01T11:39:15.257Z,Moulsdale,Marketing Event,Lincoln,US,68524,NE,65 Hauk Trail,true,A,7729594067,Lincoln,US,4025128348,68524,NE,65 Hauk Trail,005Hu00000RhnrSIAR,4025128348,/services/images/photo/003Hu0000000057IAA,012Hu0000023w04IAA,,,2025-05-01T11:39:15.257Z,Registered Nurse
001Hu00003RhRODIA3,0,Ermin Down,2876702461,1986-12-27,false,003Hu0000000058IAA,Vi M McCrae ,005Hu00000StNsfIAF,2019-09-05,USD,Marketing,false,mmccraeep4@pinterest.com,58,,Vi,false,false,false,,false,false,false,false,false,005Hu00000StNsfIAF,2025-05-01T11:39:15.257Z,McCrae,,Washington,US,20319,DC,500 Sunnyside Terrace,true,M,7069158927,Washington,US,2028247917,20319,DC,500 Sunnyside Terrace,005Hu00000RhnrSIAR,2028247917,/services/images/photo/003Hu0000000058IAA,012Hu0000023w05IAA,,,2025-05-01T11:39:15.257Z,Civil Engineer
001Hu00003RhROLIA3,0,Ramsay Aggott,4148699442,2000-12-12,false,003Hu0000000059IAA,Mr Krystalle K Jouning ,005Hu00000StNsfIAF,2005-03-22,USD,Business Development,false,kjouning1lcs@sfgate.com,59,,Krystalle,false,false,false,,false,false,false,false,false,005Hu00000StNsfIAF,2025-05-01T11:39:15.257Z,Jouning,,Chicago,US,60681,IL,0935 Manitowish Crossing,true,K,2021419277,Chicago,US,3123890593,60681,IL,0935 Manitowish Crossing,005Hu00000RhnrSIAR,3123890593,/services/images/photo/003Hu0000000059IAA,012Hu0000023w05IAA,Mr,,2025-05-01T11:39:15.257Z,Senior Developer
001Hu00003RhRO4IAN,0,,,1997-04-27,false,003Hu0000000060IAA,Mrs Wes J Fletham ,005Hu00000StNsfIAF,2009-02-02,USD,Research and Development,false,jflethame9b@linkedin.com,60,,Wes,false,false,false,,false,false,false,false,false,005Hu00000StNsfIAF,2025-05-01T11:39:15.257Z,Fletham,Data.com,Sacramento,US,94250,CA,58 Monument Plaza,true,J,9798462296,Sacramento,US,9165959143,94250,CA,58 Monument Plaza,005Hu00000RhnrSIAR,9165959143,/services/images/photo/003Hu0000000060IAA,012Hu0000023w05IAA,Mrs,,2025-05-01T11:39:15.257Z,VP Accounting
001Hu00003RhRNgIAN,0,Aubine Pumfrett,7612874150,1964-08-15,false,003Hu0000000061IAA,Hermon S Wenzel ,005Hu00000StNsfIAF,2002-04-20,USD,Accounting,false,swenzelljs@marketwatch.com,61,,Hermon,false,false,false,,false,false,false,false,false,005Hu00000StNsfIAF,2025-05-01T11:39:15.257Z,Wenzel,Marketing Event,Cincinnati,US,45208,OH,479 2nd Plaza,true,S,3137630917,Cincinnati,US,5137618467,45208,OH,479 2nd Plaza,005Hu00000RhnrSIAR,5137618467,/services/images/photo/003Hu0000000061IAA,012Hu0000023w05IAA,,,2025-05-01T11:39:15.257Z,Product Engineer
001Hu00003RhRNVIA3,0,Joela Guitel,3798130026,1952-09-03,false,003Hu0000000062IAA,Henka G Hulk ,005Hu00000StNsfIAF,2005-10-01,USD,Accounting,false,ghulk10d5@ibm.com,62,,Henka,false,false,false,,false,false,false,false,false,005Hu00000StNsfIAF,2025-05-01T11:39:15.257Z,Hulk,Data.com,Washington,US,20046,DC,5378 Delaware Trail,true,G,8013146082,Washington,US,2023749380,20046,DC,5378 Delaware Trail,005Hu00000RhnrSIAR,2023749380,/services/images/photo/003Hu0000000062IAA,012Hu0000023w05IAA,,,2025-05-01T11:39:15.257Z,Programmer IV
001Hu00003RhRNSIA3,0,,,1968-06-02,false,003Hu0000000063IAA,Aldo W Endrizzi ,005Hu00000StNsfIAF,2021-09-22,USD,Sales,false,wendrizzi1uue@google.fr,63,,Aldo,false,false,false,,false,false,false,false,false,005Hu00000StNsfIAF,2025-05-01T11:39:15.257Z,Endrizzi,Cold Call,Huntington,US,25721,WV,7 Basil Way,true,W,8306554121,Huntington,US,3041502274,25721,WV,7 Basil Way,005Hu00000RhnrSIAR,3041502274,/services/images/photo/003Hu0000000063IAA,012Hu0000023w05IAA,,,2025-05-01T11:39:15.257Z,Pharmacist
001Hu00003RhROEIA3,0,,,1983-03-06,false,003Hu0000000064IAA,Fredrika D Buttner ,005Hu00000StNsfIAF,2007-12-24,USD,Human Resources,false,dbuttnerupq@newyorker.com,64,,Fredrika,false,false,false,,false,false,false,false,false,005Hu00000StNsfIAF,2025-05-01T11:39:15.257Z,Buttner,Referral,Houston,US,77206,TX,1681 Haas Court,true,D,3155986451,Houston,US,7137281119,77206,TX,1681 Haas Court,005Hu00000RhnrSIAR,7137281119,/services/images/photo/003Hu0000000064IAA,012Hu0000023w04IAA,,,2025-05-01T11:39:15.257Z,Account Representative IV
001Hu00003RhRO8IAN,0,,,1963-05-21,false,003Hu0000000065IAA,Tish S Hakking ,005Hu00000StNsfIAF,2013-09-09,USD,Support,false,shakkingl7f@buzzfeed.com,65,,Tish,false,false,false,,false,false,false,false,false,005Hu00000StNsfIAF,2025-05-01T11:39:15.257Z,Hakking,Referral,Kansas City,US,64144,MO,711 Bartelt Park,true,S,2089686589,Kansas City,US,8162901312,64144,MO,711 Bartelt Park,005Hu00000RhnrSIAR,8162901312,/services/images/photo/003Hu0000000065IAA,012Hu0000023w05IAA,,,2025-05-01T11:39:15.257Z,Analyst Programmer
001Hu00003RhROIIA3,0,,,1979-02-12,false,003Hu0000000066IAA,Ms Desdemona B Dymond ,005Hu00000StNsfIAF,2008-05-20,USD,Support,false,bdymond3ku@google.it,66,,Desdemona,false,false,false,,false,false,false,false,false,005Hu00000StNsfIAF,2025-05-01T11:39:15.257Z,Dymond,Marketing Event,Baton Rouge,US,70894,LA,3 Mandrake Circle,true,B,3525915471,Baton Rouge,US,2256717725,70894,LA,3 Mandrake Circle,005Hu00000RhnrSIAR,2256717725,/services/images/photo/003Hu0000000066IAA,012Hu0000023w04IAA,Ms,,2025-05-01T11:39:15.257Z,Statistician II
001Hu00003RhRNwIAN,0,,,1954-06-27,false,003Hu0000000067IAA,Brynna D Drakeford ,005Hu00000StNsfIAF,2021-12-16,USD,Product Management,false,ddrakefordji1@360.cn,67,,Brynna,false,false,false,,false,false,false,false,false,005Hu00000StNsfIAF,2025-05-01T11:39:15.257Z,Drakeford,Data.com,Dallas,US,75353,TX,0 Shelley Parkway,true,D,3616042456,Dallas,US,2144984825,75353,TX,0 Shelley Parkway,005Hu00000RhnrSIAR,2144984825,/services/images/photo/003Hu0000000067IAA,012Hu0000023w05IAA,,,2025-05-01T11:39:15.257Z,Sales Representative
001Hu00003RhRNTIA3,0,,,1986-12-18,false,003Hu0000000068IAA,Janot I La Batie ,005Hu00000StNsfIAF,2022-05-08,USD,Training,false,ilabatie1xzh@bigcartel.com,68,,Janot,false,false,false,,false,false,false,false,false,005Hu00000StNsfIAF,2025-05-01T11:39:15.257Z,La Batie,Social Media,Pensacola,US,32575,FL,14 Comanche Lane,true,I,7027199740,Pensacola,US,8506510147,32575,FL,14 Comanche Lane,005Hu00000RhnrSIAR,8506510147,/services/images/photo/003Hu0000000068IAA,012Hu0000023w05IAA,,,2025-05-01T11:39:15.257Z,Developer II
001Hu00003RhRO4IAN,0,Armando Voller,2484004513,1987-07-23,false,003Hu0000000069IAA,Mr Leora I Marquess ,005Hu00000StNsfIAF,2006-07-22,USD,Services,false,imarquess4ig@samsung.com,69,,Leora,false,false,false,,false,false,false,false,false,005Hu00000StNsfIAF,2025-05-01T11:39:15.257Z,Marquess,Social Media,Peoria,US,61605,IL,44920 Dunning Court,true,I,6824484762,Peoria,US,3092208591,61605,IL,44920 Dunning Court,005Hu00000RhnrSIAR,3092208591,/services/images/photo/003Hu0000000069IAA,012Hu0000023w04IAA,Mr,,2025-05-01T11:39:15.257Z,Structural Analysis Engineer
001Hu00003RhRO2IAN,0,,,1979-01-22,false,003Hu0000000070IAA,Rudolf E Carress ,005Hu00000StNsfIAF,2014-12-06,USD,Marketing,false,ecarressbvz@who.int,70,,Rudolf,false,false,false,,false,false,false,false,false,005Hu00000StNsfIAF,2025-05-01T11:39:15.257Z,Carress,Website,Stockton,US,95298,CA,7541 Autumn Leaf Court,true,E,2023727935,Stockton,US,2097659354,95298,CA,7541 Autumn Leaf Court,005Hu00000RhnrSIAR,2097659354,/services/images/photo/003Hu0000000070IAA,012Hu0000023w05IAA,,,2025-05-01T11:39:15.257Z,Software Engineer II
001Hu00003RhROGIA3,0,,,1950-11-05,false,003Hu0000000071IAA,Mr Thalia S Endley ,005Hu00000StNsfIAF,2003-02-11,USD,Product Management,false,sendley1py5@myspace.com,71,,Thalia,false,false,false,,false,false,false,false,false,005Hu00000StNsfIAF,2025-05-01T11:39:15.257Z,Endley,Marketing Event,Cleveland,US,44191,OH,77398 Esker Way,true,S,3129817773,Cleveland,US,2167010789,44191,OH,77398 Esker Way,005Hu00000RhnrSIAR,2167010789,/services/images/photo/003Hu0000000071IAA,012Hu0000023w05IAA,Mr,,2025-05-01T11:39:15.257Z,VP Product Management
001Hu00003RhROZIA3,0,,,1978-12-27,false,003Hu0000000072IAA,Mr Cati D Ragles ,005Hu00000StNsfIAF,2004-10-05,USD,Services,false,draglesfn9@feedburner.com,72,,Cati,false,false,false,,false,false,false,false,false,005Hu00000StNsfIAF,2025-05-01T11:39:15.257Z,Ragles,Referral,Vero Beach,US,32969,FL,71296 Pleasure Drive,true,D,3361297695,Vero Beach,US,7722335750,32969,FL,71296 Pleasure Drive,005Hu00000RhnrSIAR,7722335750,/services/images/photo/003Hu0000000072IAA,012Hu0000023w05IAA,Mr,,2025-05-01T11:39:15.257Z,Software Engineer IV
001Hu00003RhRNzIAN,0,,,1983-08-06,false,003Hu0000000073IAA,Rufus N Furmagier ,005Hu00000StNsfIAF,2012-12-27,USD,Human Resources,false,nfurmagier1xgw@unblog.fr,73,,Rufus,false,false,false,,false,false,false,false,false,005Hu00000StNsfIAF,2025-05-01T11:39:15.257Z,Furmagier,Data.com,New Haven,US,6505,CT,409 Kenwood Plaza,true,N,6625196233,New Haven,US,2038476090,6505,CT,409 Kenwood Plaza,005Hu00000RhnrSIAR,2038476090,/services/images/photo/003Hu0000000073IAA,012Hu0000023w05IAA,,,2025-05-01T11:39:15.257Z,Clinical Specialist
001Hu00003RhRO5IAN,0,,,1966-02-03,false,003Hu0000000074IAA,Mr Sutton W De Roeck ,005Hu00000StNsfIAF,2022-01-18,USD,Business Development,false,wderoeck21h8@oakley.com,74,,Sutton,false,false,false,,false,false,false,false,false,005Hu00000StNsfIAF,2025-05-01T11:39:15.257Z,De Roeck,Marketing Event,Chicago,US,60636,IL,51788 Lakewood Gardens Court,true,W,6827875585,Chicago,US,7732133942,60636,IL,51788 Lakewood Gardens Court,005Hu00000RhnrSIAR,7732133942,/services/images/photo/003Hu0000000074IAA,012Hu0000023w04IAA,Mr,,2025-05-01T11:39:15.257Z,GIS Technical Architect
001Hu00003RhROaIAN,0,Minne Stempe,7553275967,1954-07-08,false,003Hu0000000075IAA,Ariela H Radish ,005Hu00000StNsfIAF,2008-06-04,USD,Human Resources,false,hradishe7g@histats.com,75,,Ariela,false,false,false,,false,false,false,false,false,005Hu00000StNsfIAF,2025-05-01T11:39:15.257Z,Radish,Social Media,Silver Spring,US,20904,MD,92428 Bellgrove Terrace,true,H,5185688168,Silver Spring,US,7032128736,20904,MD,92428 Bellgrove Terrace,005Hu00000RhnrSIAR,7032128736,/services/images/photo/003Hu0000000075IAA,012Hu0000023w05IAA,,,2025-05-01T11:39:15.257Z,Programmer IV
001Hu00003RhROAIA3,0,,,1976-01-12,false,003Hu0000000076IAA,Maxie L Hambrook ,005Hu00000StNsfIAF,2011-07-28,USD,Human Resources,false,lhambrook10oe@constantcontact.com,76,,Maxie,false,false,false,,false,false,false,false,false,005Hu00000StNsfIAF,2025-05-01T11:39:15.257Z,Hambrook,,New York City,US,10155,NY,20 Melvin Lane,true,L,9049817510,New York City,US,6465512650,10155,NY,20 Melvin Lane,005Hu00000RhnrSIAR,6465512650,/services/images/photo/003Hu0000000076IAA,012Hu0000023w04IAA,,,2025-05-01T11:39:15.257Z,Electrical Engineer
001Hu00003RhRNmIAN,0,,,2000-04-06,false,003Hu0000000077IAA,Mrs Cosmo E Gwyllt ,005Hu00000StNsfIAF,2009-04-01,USD,Product Management,false,egwylltbct@ehow.com,77,,Cosmo,false,false,false,,false,false,false,false,false,005Hu00000StNsfIAF,2025-05-01T11:39:15.257Z,Gwyllt,Cold Call,Houston,US,77201,TX,86173 Elmside Terrace,true,E,8622433402,Houston,US,7136559598,77201,TX,86173 Elmside Terrace,005Hu00000RhnrSIAR,7136559598,/services/images/photo/003Hu0000000077IAA,012Hu0000023w04IAA,Mrs,,2025-05-01T11:39:15.257Z,Sales Representative
001Hu00003RhRO9IAN,0,,,1979-07-04,false,003Hu0000000078IAA,Mrs Gavra N Dillingstone ,005Hu00000StNsfIAF,2022-08-18,USD,Engineering,false,ndillingstoneyb0@mapy.cz,78,,Gavra,false,false,false,,false,false,false,false,false,005Hu00000StNsfIAF,2025-05-01T11:39:15.257Z,Dillingstone,Data.com,Roanoke,US,24014,VA,0865 Hansons Pass,true,N,7279865938,Roanoke,US,5402903283,24014,VA,0865 Hansons Pass,005Hu00000RhnrSIAR,5402903283,/services/images/photo/003Hu0000000078IAA,012Hu0000023w04IAA,Mrs,,2025-05-01T11:39:15.257Z,Account Executive
001Hu00003RhRNfIAN,0,Emili Sleith,6848930057,1992-05-30,false,003Hu0000000079IAA,Jacquenette G Delucia ,005Hu00000StNsfIAF,2006-12-20,USD,Marketing,false,gdelucia14yg@slate.com,79,,Jacquenette,false,false,false,,false,false,false,false,false,005Hu00000StNsfIAF,2025-05-01T11:39:15.257Z,Delucia,Cold Call,Houston,US,77060,TX,9 Ramsey Trail,true,G,6462908169,Houston,US,7135073329,77060,TX,9 Ramsey Trail,005Hu00000RhnrSIAR,7135073329,/services/images/photo/003Hu0000000079IAA,012Hu0000023w04IAA,,,2025-05-01T11:39:15.257Z,Desktop Support Technician
001Hu00003RhRObIAN,0,,,1958-09-19,false,003Hu0000000080IAA,Mr Virgilio D Budik Sr,005Hu00000StNsfIAF,2009-03-20,USD,Accounting,false,dbudikk9e@arstechnica.com,80,,Virgilio,false,false,false,,false,false,false,false,false,005Hu00000StNsfIAF,2025-05-01T11:39:15.257Z,Budik,Data.com,Boston,US,2298,MA,17944 Dennis Road,true,D,9547301737,Boston,US,6171144827,2298,MA,17944 Dennis Road,005Hu00000RhnrSIAR,6171144827,/services/images/photo/003Hu0000000080IAA,012Hu0000023w04IAA,Mr,Sr,2025-05-01T11:39:15.257Z,Computer Systems Analyst III
001Hu00003RhRO2IAN,0,,,1979-06-22,false,003Hu0000000081IAA,Lorrie M Corsar ,005Hu00000StNsfIAF,2011-01-29,USD,Legal,false,mcorsar20e1@e-recht24.de,81,,Lorrie,false,false,false,,false,false,false,false,false,005Hu00000StNsfIAF,2025-05-01T11:39:15.257Z,Corsar,Referral,Nashville,US,37205,TN,230 Stone Corner Court,true,M,2026762934,Nashville,US,6151637213,37205,TN,230 Stone Corner Court,005Hu00000RhnrSIAR,6151637213,/services/images/photo/003Hu0000000081IAA,012Hu0000023w04IAA,,,2025-05-01T11:39:15.257Z,Tax Accountant
001Hu00003RhROUIA3,0,Odo McEvoy,6023331814,2000-03-05,false,003Hu0000000082IAA,Mandel G Butler-Bowdon ,005Hu00000StNsfIAF,2012-08-14,USD,Business Development,false,gbutlerbowdon23la@paginegialle.it,82,,Mandel,false,false,false,,false,false,false,false,false,005Hu00000StNsfIAF,2025-05-01T11:39:15.257Z,Butler-Bowdon,Marketing Event,Durham,US,27717,NC,292 Schlimgen Alley,true,G,8088314851,Durham,US,9195351668,27717,NC,292 Schlimgen Alley,005Hu00000RhnrSIAR,9195351668,/services/images/photo/003Hu0000000082IAA,012Hu0000023w04IAA,,,2025-05-01T11:39:15.257Z,Software Engineer IV
001Hu00003RhRNLIA3,0,,,1980-05-03,false,003Hu0000000083IAA,Mr Ulrikaumeko G Deeble III,005Hu00000StNsfIAF,2020-06-03,USD,Product Management,false,gdeeblezpv@mapy.cz,83,,Ulrikaumeko,false,false,false,,false,false,false,false,false,005Hu00000StNsfIAF,2025-05-01T11:39:15.257Z,Deeble,Cold Call,Kansas City,US,64144,MO,8569 Straubel Circle,true,G,9701174733,Kansas City,US,8169852540,64144,MO,8569 Straubel Circle,005Hu00000RhnrSIAR,8169852540,/services/images/photo/003Hu0000000083IAA,012Hu0000023w04IAA,Mr,III,2025-05-01T11:39:15.257Z,Office Assistant II
001Hu00003RhRNXIA3,0,Daisi Camerati,3475581484,1989-01-17,false,003Hu0000000084IAA,Dominique L Smoote ,005Hu00000StNsfIAF,2014-09-07,USD,Legal,false,lsmoote6km@usatoday.com,84,,Dominique,false,false,false,,false,false,false,false,false,005Hu00000StNsfIAF,2025-05-01T11:39:15.257Z,Smoote,Referral,Hyattsville,US,20784,MD,348 Service Parkway,true,L,6159669696,Hyattsville,US,3013538350,20784,MD,348 Service Parkway,005Hu00000RhnrSIAR,3013538350,/services/images/photo/003Hu0000000084IAA,012Hu0000023w04IAA,,,2025-05-01T11:39:15.257Z,Administrative Officer
001Hu00003RhROVIA3,0,Darby Scirman,9769612878,1992-05-07,false,003Hu0000000085IAA,Mr Barny J Shand ,005Hu00000StNsfIAF,2017-05-28,USD,Training,false,jshand12gl@reddit.com,85,,Barny,false,false,false,,false,false,false,false,false,005Hu00000StNsfIAF,2025-05-01T11:39:15.257Z,Shand,Data.com,Baltimore,US,21281,MD,256 Thackeray Crossing,true,J,7737304157,Baltimore,US,4103158073,21281,MD,256 Thackeray Crossing,005Hu00000RhnrSIAR,4103158073,/services/images/photo/003Hu0000000085IAA,012Hu0000023w04IAA,Mr,,2025-05-01T11:39:15.257Z,Assistant Media Planner
001Hu00003RhROAIA3,0,Regen O'Luney,5378799107,2001-12-25,false,003Hu0000000086IAA,Temp S De Fries ,005Hu00000StNsfIAF,2014-03-20,USD,Training,false,sdefries1o1k@ucoz.ru,86,,Temp,false,false,false,,false,false,false,false,false,005Hu00000StNsfIAF,2025-05-01T11:39:15.257Z,De Fries,Website,Peoria,US,61629,IL,4 Service Lane,true,S,7541082574,Peoria,US,3095905905,61629,IL,4 Service Lane,005Hu00000RhnrSIAR,3095905905,/services/images/photo/003Hu0000000086IAA,012Hu0000023w04IAA,,,2025-05-01T11:39:15.257Z,Research Nurse
001Hu00003RhRNOIA3,0,,,1986-07-26,false,003Hu0000000087IAA,Mechelle E Dinzey ,005Hu00000StNsfIAF,2010-06-03,USD,Sales,false,edinzey2uf@utexas.edu,87,,Mechelle,false,false,false,,false,false,false,false,false,005Hu00000StNsfIAF,2025-05-01T11:39:15.257Z,Dinzey,Cold Call,Houston,US,77201,TX,69398 Grover Street,true,E,6173803485,Houston,US,7132020085,77201,TX,69398 Grover Street,005Hu00000RhnrSIAR,7132020085,/services/images/photo/003Hu0000000087IAA,012Hu0000023w05IAA,,,2025-05-01T11:39:15.257Z,Senior Sales Associate
001Hu00003RhRODIA3,0,Andi Hedgeley,5221555488,1997-10-25,false,003Hu0000000088IAA,Porty E Bolduc ,005Hu00000StNsfIAF,2003-04-15,USD,Sales,false,ebolduc1vce@joomla.org,88,,Porty,false,false,false,,false,false,false,false,false,005Hu00000StNsfIAF,2025-05-01T11:39:15.257Z,Bolduc,Cold Call,Phoenix,US,85083,AZ,12817 Clarendon Parkway,true,E,9125646810,Phoenix,US,6029428317,85083,AZ,12817 Clarendon Parkway,005Hu00000RhnrSIAR,6029428317,/services/images/photo/003Hu0000000088IAA,012Hu0000023w04IAA,,,2025-05-01T11:39:15.257Z,Quality Control Specialist
001Hu00003RhRNnIAN,0,,,1976-02-25,false,003Hu0000000089IAA,Andrei B Nabarro ,005Hu00000StNsfIAF,2020-09-14,USD,Sales,false,bnabarroayw@cam.ac.uk,89,,Andrei,false,false,false,,false,false,false,false,false,005Hu00000StNsfIAF,2025-05-01T11:39:15.257Z,Nabarro,Data.com,Peoria,US,61614,IL,5287 New Castle Avenue,true,B,3049721597,Peoria,US,3092537566,61614,IL,5287 New Castle Avenue,005Hu00000RhnrSIAR,3092537566,/services/images/photo/003Hu0000000089IAA,012Hu0000023w04IAA,,,2025-05-01T11:39:15.257Z,Payment Adjustment Coordinator
001Hu00003RhRNrIAN,0,,,1982-10-29,false,003Hu0000000090IAA,Karylin H Wadwell ,005Hu00000StNsfIAF,2008-11-16,USD,Business Development,false,hwadwell10fo@cargocollective.com,90,,Karylin,false,false,false,,false,false,false,false,false,005Hu00000StNsfIAF,2025-05-01T11:39:15.257Z,Wadwell,Social Media,Washington,US,20456,DC,9766 Mesta Point,true,H,2141268042,Washington,US,2027102882,20456,DC,9766 Mesta Point,005Hu00000RhnrSIAR,2027102882,/services/images/photo/003Hu0000000090IAA,012Hu0000023w05IAA,,,2025-05-01T11:39:15.257Z,Desktop Support Technician
001Hu00003RhRNpIAN,0,,,2000-06-23,false,003Hu0000000091IAA,Mr Chase D Smallsman ,005Hu00000StNsfIAF,2010-08-10,USD,Engineering,false,dsmallsman1brk@google.com,91,,Chase,false,false,false,,false,false,false,false,false,005Hu00000StNsfIAF,2025-05-01T11:39:15.257Z,Smallsman,Cold Call,Topeka,US,66622,KS,4323 Michigan Road,true,D,3184366442,Topeka,US,7858500797,66622,KS,4323 Michigan Road,005Hu00000RhnrSIAR,7858500797,/services/images/photo/003Hu0000000091IAA,012Hu0000023w04IAA,Mr,,2025-05-01T11:39:15.257Z,VP Sales
001Hu00003RhRNRIA3,0,,,1999-07-13,false,003Hu0000000092IAA,Mrs Dennie F Caine ,005Hu00000StNsfIAF,2013-12-05,USD,Services,false,fcainewgk@gravatar.com,92,,Dennie,false,false,false,,false,false,false,false,false,005Hu00000StNsfIAF,2025-05-01T11:39:15.257Z,Caine,Referral,Columbus,US,31914,GA,71101 Moose Point,true,F,2153813646,Columbus,US,7061455030,31914,GA,71101 Moose Point,005Hu00000RhnrSIAR,7061455030,/services/images/photo/003Hu0000000092IAA,012Hu0000023w04IAA,Mrs,,2025-05-01T11:39:15.257Z,Automation Specialist IV
001Hu00003RhROTIA3,0,Petra Lambourne,4709972643,1974-02-27,false,003Hu0000000093IAA,Mr Reuben R Unitt ,005Hu00000StNsfIAF,2008-01-14,USD,Accounting,false,runitt7tg@domainmarket.com,93,,Reuben,false,false,false,,false,false,false,false,false,005Hu00000StNsfIAF,2025-05-01T11:39:15.257Z,Unitt,Referral,Metairie,US,70005,LA,32716 Elmside Circle,true,R,2567690632,Metairie,US,5048043233,70005,LA,32716 Elmside Circle,005Hu00000RhnrSIAR,5048043233,/services/images/photo/003Hu0000000093IAA,012Hu0000023w04IAA,Mr,,2025-05-01T11:39:15.257Z,Information Systems Manager
001Hu00003RhRNNIA3,0,,,1976-07-15,false,003Hu0000000094IAA,Mrs Kalinda A Waddingham ,005Hu00000StNsfIAF,2010-05-20,USD,Research and Development,false,awaddingham1ami@amazon.co.jp,94,,Kalinda,false,false,false,,false,false,false,false,false,005Hu00000StNsfIAF,2025-05-01T11:39:15.257Z,Waddingham,Marketing Event,Jefferson City,US,65105,MO,4215 Colorado Alley,true,A,4174822785,Jefferson City,US,5737976012,65105,MO,4215 Colorado Alley,005Hu00000RhnrSIAR,5737976012,/services/images/photo/003Hu0000000094IAA,012Hu0000023w05IAA,Mrs,,2025-05-01T11:39:15.257Z,Developer IV
001Hu00003RhROXIA3,0,Siusan Poppleston,1744617106,1996-08-24,false,003Hu0000000095IAA,Mrs Alden H Gibb ,005Hu00000StNsfIAF,2002-12-01,USD,Accounting,false,hgibb1ltk@simplemachines.org,95,,Alden,false,false,false,,false,false,false,false,false,005Hu00000StNsfIAF,2025-05-01T11:39:15.257Z,Gibb,Marketing Event,Austin,US,78703,TX,88 Reinke Avenue,true,H,5718521148,Austin,US,5121156138,78703,TX,88 Reinke Avenue,005Hu00000RhnrSIAR,5121156138,/services/images/photo/003Hu0000000095IAA,012Hu0000023w05IAA,Mrs,,2025-05-01T11:39:15.257Z,Environmental Tech
001Hu00003RhROVIA3,0,,,1984-09-05,false,003Hu0000000096IAA,Art H Yorke ,005Hu00000StNsfIAF,2009-08-14,USD,Support,false,hyorke1fdd@amazon.co.jp,96,,Art,false,false,false,,false,false,false,false,false,005Hu00000StNsfIAF,2025-05-01T11:39:15.257Z,Yorke,Marketing Event,Toledo,US,43635,OH,0 Clyde Gallagher Lane,true,H,3181208862,Toledo,US,4192869754,43635,OH,0 Clyde Gallagher Lane,005Hu00000RhnrSIAR,4192869754,/services/images/photo/003Hu0000000096IAA,012Hu0000023w05IAA,,,2025-05-01T11:39:15.257Z,Systems Administrator III
001Hu00003RhRNPIA3,0,,,1964-07-31,false,003Hu0000000097IAA,Mr Genevra M Bahl ,005Hu00000StNsfIAF,2002-04-12,USD,Sales,false,mbahl1b1q@free.fr,97,,Genevra,false,false,false,,false,false,false,false,false,005Hu00000StNsfIAF,2025-05-01T11:39:15.257Z,Bahl,Data.com,Lincoln,US,68531,NE,67215 Dayton Crossing,true,M,5057752340,Lincoln,US,4029581756,68531,NE,67215 Dayton Crossing,005Hu00000RhnrSIAR,4029581756,/services/images/photo/003Hu0000000097IAA,012Hu0000023w05IAA,Mr,,2025-05-01T11:39:15.257Z,Biostatistician II
001Hu00003RhROUIA3,0,Krystalle Kinder,6889493684,1989-04-20,false,003Hu0000000098IAA,Ariella B Benoit ,005Hu00000StNsfIAF,2007-03-22,USD,Marketing,false,bbenoit7qt@redcross.org,98,,Ariella,false,false,false,,false,false,false,false,false,005Hu00000StNsfIAF,2025-05-01T11:39:15.257Z,Benoit,Data.com,Gaithersburg,US,20883,MD,84 Chive Lane,true,B,3034471054,Gaithersburg,US,2401678136,20883,MD,84 Chive Lane,005Hu00000RhnrSIAR,2401678136,/services/images/photo/003Hu0000000098IAA,012Hu0000023w05IAA,,,2025-05-01T11:39:15.257Z,Design Engineer
001Hu00003RhRNhIAN,0,Gianna Forker,7271855179,1990-10-23,false,003Hu0000000099IAA,Ms Eustace Z Slee ,005Hu00000StNsfIAF,2011-08-16,USD,Support,false,zsleegat@is.gd,99,,Eustace,false,false,false,,false,false,false,false,false,005Hu00000StNsfIAF,2025-05-01T11:39:15.257Z,Slee,Social Media,Nashville,US,37228,TN,28 Sunnyside Drive,true,Z,3258315864,Nashville,US,6159606398,37228,TN,28 Sunnyside Drive,005Hu00000RhnrSIAR,6159606398,/services/images/photo/003Hu0000000099IAA,012Hu0000023w05IAA,Ms,,2025-05-01T11:39:15.257Z,Account Executive
001Hu00003RhRO9IAN,0,,,1987-01-16,false,003Hu0000000100IAA,Maddalena K Landor ,005Hu00000StNsfIAF,2012-05-13,USD,Human Resources,false,klandor1hds@gmpg.org,100,,Maddalena,false,false,false,,false,false,false,false,false,005Hu00000StNsfIAF,2025-05-01T11:39:15.257Z,Landor,Website,Charleston,US,25356,WV,510 Commercial Park,true,K,2123552115,Charleston,US,3049664488,25356,WV,510 Commercial Park,005Hu00000RhnrSIAR,3049664488,/services/images/photo/003Hu0000000100IAA,012Hu0000023w04IAA,,,2025-05-01T11:39:15.257Z,VP Sales
